WriterId, WriterDate, Writer, UserDate, User, Guid, DetailsId, FileName
1, "2022/01/20 23:39:52", 12181, "2022/01/20 23:39:30", 12181, 3eaf5bf6-5803-4272-84dc-6f4df042e6cf, 2, "Ionic.Zip.dll"
1, "2022/01/20 23:39:52", 12181, "2022/01/20 23:39:30", 12181, 3eaf5bf6-5803-4272-84dc-6f4df042e6cf, 1, "dotnetzip.1.16.0.nupkg"
2, "2022/01/20 23:59:12", 12181, "2022/01/20 23:58:52", 12181, 372322ff-487f-4656-9334-2b858b40ac83, 3, "Book1.csv"
2, "2022/01/20 23:59:12", 12181, "2022/01/20 23:58:52", 12181, 372322ff-487f-4656-9334-2b858b40ac83, 4, "Book1.xlsx"
2, "2022/01/20 23:59:12", 12181, "2022/01/20 23:58:52", 12181, 372322ff-487f-4656-9334-2b858b40ac83, 5, "Default.rdp"
3, "2022/01/21 0:20:26", 12181, "2022/01/21 0:20:12", 12181, 738f5011-a9d4-4b8b-91e8-f6c051de3b20, 6, "キャプチャ-2.PNG"
3, "2022/01/21 0:20:26", 12181, "2022/01/21 0:20:12", 12181, 738f5011-a9d4-4b8b-91e8-f6c051de3b20, 7, "キャプチャ.PNG"
3, "2022/01/21 0:20:26", 12181, "2022/01/21 0:20:12", 12181, 738f5011-a9d4-4b8b-91e8-f6c051de3b20, 8, "キャプチャ.PNG2.PNG"
4, "2022/01/22 19:53:06", admin, "2022/01/22 19:46:11", 12181, d8c36635-0e5f-4ab7-806a-ae38afc4dc90, 9, "PwmSIA_Jp_Production.exe"
4, "2022/01/22 19:53:06", admin, "2022/01/22 19:46:11", 12181, d8c36635-0e5f-4ab7-806a-ae38afc4dc90, 10, "rufus-3.15.exe"
4, "2022/01/22 19:53:06", admin, "2022/01/22 19:46:11", 12181, d8c36635-0e5f-4ab7-806a-ae38afc4dc90, 11, "vs_community__538800706.1619971129.exe"
5, "2022/01/22 19:53:28", admin, "2022/01/22 19:48:05", admin, a876852b-8958-46c5-a51e-52f9a7494d0b, 12, "コンソール_user.msc"
5, "2022/01/22 19:53:28", admin, "2022/01/22 19:48:05", admin, a876852b-8958-46c5-a51e-52f9a7494d0b, 13, "コンソール_user0.msc"
6, "2022/01/23 17:21:56", admin, "2022/01/23 17:20:58", admin, 95c342c5-b913-4109-8b3f-09255c35c488, 14, "timezoneMapping.xml"
6, "2022/01/23 17:21:56", admin, "2022/01/23 17:20:58", admin, 95c342c5-b913-4109-8b3f-09255c35c488, 15, "timezones.xml"
6, "2022/01/23 17:21:56", admin, "2022/01/23 17:20:58", admin, 95c342c5-b913-4109-8b3f-09255c35c488, 16, "tzautoupdate.dat"
